{
  "extraction/C1_fixed_seed": {
    "claude_sonnet": {
      "emr": 0.19000000000000003,
      "emr_std": 0.2913760456866693,
      "n_runs": 49,
      "n_abstracts": 10,
      "ned": 0.10124430793809247,
      "rouge_l": 0.9035380118672837,
      "bertscore_f1": 0.98782985329628
    },
    "gemma2_9b": {
      "emr": 1.0,
      "emr_std": 0.0,
      "n_runs": 50,
      "n_abstracts": 10,
      "ned": 0.0,
      "rouge_l": 1.0,
      "bertscore_f1": 0.9999999582767487
    },
    "llama3_8b": {
      "emr": 0.9866666666666667,
      "emr_std": 0.07180219742846006,
      "n_runs": 200,
      "n_abstracts": 30,
      "ned": 0.0031172839506172843,
      "rouge_l": 0.9965635738831615,
      "bertscore_f1": 0.9997337945302327
    },
    "mistral_7b": {
      "emr": 0.96,
      "emr_std": 0.12,
      "n_runs": 50,
      "n_abstracts": 10,
      "ned": 0.0005150214592274678,
      "rouge_l": 0.9997660818713451,
      "bertscore_f1": 0.9999471521377563
    }
  },
  "extraction/C2_var_seed": {
    "claude_sonnet": {
      "emr": 0.07999999999999999,
      "emr_std": 0.07483314773547883,
      "n_runs": 50,
      "n_abstracts": 10,
      "ned": 0.10217369196334329,
      "rouge_l": 0.9071748146437729,
      "bertscore_f1": 0.9876980429887772
    },
    "gemma2_9b": {
      "emr": 1.0,
      "emr_std": 0.0,
      "n_runs": 50,
      "n_abstracts": 10,
      "ned": 0.0,
      "rouge_l": 1.0,
      "bertscore_f1": 0.9999999582767487
    },
    "llama3_8b": {
      "emr": 0.9866666666666667,
      "emr_std": 0.07180219742846006,
      "n_runs": 200,
      "n_abstracts": 30,
      "ned": 0.0031172839506172843,
      "rouge_l": 0.9965635738831615,
      "bertscore_f1": 0.9997337945302327
    },
    "mistral_7b": {
      "emr": 0.96,
      "emr_std": 0.12,
      "n_runs": 50,
      "n_abstracts": 10,
      "ned": 0.0005150214592274678,
      "rouge_l": 0.9997660818713451,
      "bertscore_f1": 0.9999471521377563
    }
  },
  "extraction/C3_temp0_0": {
    "claude_sonnet": {
      "emr": 0.06666666666666667,
      "emr_std": 0.13333333333333333,
      "n_runs": 30,
      "n_abstracts": 10,
      "ned": 0.13378226001981602,
      "rouge_l": 0.8728667433706097,
      "bertscore_f1": 0.9847387135028839
    }
  },
  "extraction/C3_temp0_3": {
    "claude_sonnet": {
      "emr": 0.7,
      "emr_std": 0.3785938897200183,
      "n_runs": 30,
      "n_abstracts": 10,
      "ned": 0.005150546628021229,
      "rouge_l": 0.9912421517290373,
      "bertscore_f1": 0.9988179186979931
    }
  },
  "extraction/C3_temp0_7": {
    "claude_sonnet": {
      "emr": 0.13333333333333333,
      "emr_std": 0.1632993161855452,
      "n_runs": 30,
      "n_abstracts": 10,
      "ned": 0.07482732772623225,
      "rouge_l": 0.925224919282269,
      "bertscore_f1": 0.9903053204218546
    }
  },
  "multiturn_refinement/C1_fixed_seed": {
    "claude_sonnet": {
      "emr": 0.04,
      "emr_std": 0.066332495807108,
      "n_runs": 50,
      "n_abstracts": 10,
      "ned": 0.18875670116978843,
      "rouge_l": 0.8335455621168357,
      "bertscore_f1": 0.9779975724220277
    },
    "gemma2_9b": {
      "emr": 1.0,
      "emr_std": 0.0,
      "n_runs": 50,
      "n_abstracts": 10,
      "ned": 0.0,
      "rouge_l": 1.0,
      "bertscore_f1": 0.9999999940395355
    },
    "llama3_8b": {
      "emr": 0.8799999999999999,
      "emr_std": 0.18330302779823363,
      "n_runs": 50,
      "n_abstracts": 10,
      "ned": 0.01239911291223677,
      "rouge_l": 0.987644541874721,
      "bertscore_f1": 0.9986221158504487
    },
    "mistral_7b": {
      "emr": 1.0,
      "emr_std": 0.0,
      "n_runs": 50,
      "n_abstracts": 10,
      "ned": 0.0,
      "rouge_l": 1.0,
      "bertscore_f1": 0.9999999761581421
    }
  },
  "rag_extraction/C1_fixed_seed": {
    "claude_sonnet": {
      "emr": 0.0,
      "emr_std": 0.0,
      "n_runs": 50,
      "n_abstracts": 10,
      "ned": 0.25641694996776304,
      "rouge_l": 0.7475713008540571,
      "bertscore_f1": 0.9713510745763779
    },
    "gemma2_9b": {
      "emr": 1.0,
      "emr_std": 0.0,
      "n_runs": 50,
      "n_abstracts": 10,
      "ned": 0.0,
      "rouge_l": 1.0,
      "bertscore_f1": 0.9999999523162841
    },
    "llama3_8b": {
      "emr": 0.96,
      "emr_std": 0.12,
      "n_runs": 50,
      "n_abstracts": 10,
      "ned": 0.011670378619153673,
      "rouge_l": 0.9846808510638297,
      "bertscore_f1": 0.9987360453605652
    },
    "mistral_7b": {
      "emr": 1.0,
      "emr_std": 0.0,
      "n_runs": 50,
      "n_abstracts": 10,
      "ned": 0.0,
      "rouge_l": 1.0,
      "bertscore_f1": 0.9999999940395355
    }
  },
  "summarization/C1_fixed_seed": {
    "claude_sonnet": {
      "emr": 0.02,
      "emr_std": 0.04,
      "n_runs": 50,
      "n_abstracts": 10,
      "ned": 0.24216129113457158,
      "rouge_l": 0.7642286232628696,
      "bertscore_f1": 0.970364493727684
    },
    "gemma2_9b": {
      "emr": 1.0,
      "emr_std": 0.0,
      "n_runs": 50,
      "n_abstracts": 10,
      "ned": 0.0,
      "rouge_l": 1.0,
      "bertscore_f1": 0.9999999463558197
    },
    "gpt4": {
      "emr": 0.1111111111111111,
      "emr_std": 0.15713484026367722,
      "n_runs": 8,
      "n_abstracts": 3,
      "ned": 0.08792149504082854,
      "rouge_l": 0.8963046608254316,
      "bertscore_f1": 0.9897118674384223
    },
    "llama3_8b": {
      "emr": 0.9311111111111112,
      "emr_std": 0.1569618967680916,
      "n_runs": 200,
      "n_abstracts": 30,
      "ned": 0.013622256608458611,
      "rouge_l": 0.986351335180946,
      "bertscore_f1": 0.9979426465652607
    },
    "mistral_7b": {
      "emr": 0.8400000000000001,
      "emr_std": 0.19595917942265426,
      "n_runs": 50,
      "n_abstracts": 10,
      "ned": 0.04594192596379991,
      "rouge_l": 0.9549678713303005,
      "bertscore_f1": 0.9934928786754609
    }
  },
  "summarization/C2_var_seed": {
    "claude_sonnet": {
      "emr": 0.03,
      "emr_std": 0.09,
      "n_runs": 50,
      "n_abstracts": 10,
      "ned": 0.29662969997076444,
      "rouge_l": 0.7236720538985247,
      "bertscore_f1": 0.9651715987920761
    },
    "gemma2_9b": {
      "emr": 1.0,
      "emr_std": 0.0,
      "n_runs": 50,
      "n_abstracts": 10,
      "ned": 0.0,
      "rouge_l": 1.0,
      "bertscore_f1": 0.9999999463558197
    },
    "llama3_8b": {
      "emr": 0.9311111111111112,
      "emr_std": 0.1569618967680916,
      "n_runs": 200,
      "n_abstracts": 30,
      "ned": 0.013622256608458611,
      "rouge_l": 0.986351335180946,
      "bertscore_f1": 0.9979426465652607
    },
    "mistral_7b": {
      "emr": 0.8400000000000001,
      "emr_std": 0.19595917942265426,
      "n_runs": 50,
      "n_abstracts": 10,
      "ned": 0.04594192596379991,
      "rouge_l": 0.9549678713303005,
      "bertscore_f1": 0.9934928786754609
    }
  },
  "summarization/C3_temp0_0": {
    "claude_sonnet": {
      "emr": 0.0,
      "emr_std": 0.0,
      "n_runs": 30,
      "n_abstracts": 10,
      "ned": 0.2494359599635451,
      "rouge_l": 0.7654778841430518,
      "bertscore_f1": 0.9709216574827829
    }
  },
  "summarization/C3_temp0_3": {
    "claude_sonnet": {
      "emr": 0.2333333333333333,
      "emr_std": 0.3,
      "n_runs": 30,
      "n_abstracts": 10,
      "ned": 0.18674107851834548,
      "rouge_l": 0.8332495084133779,
      "bertscore_f1": 0.977801682551702
    }
  },
  "summarization/C3_temp0_7": {
    "claude_sonnet": {
      "emr": 0.03333333333333333,
      "emr_std": 0.09999999999999999,
      "n_runs": 30,
      "n_abstracts": 10,
      "ned": 0.18232701769642173,
      "rouge_l": 0.8403614148937797,
      "bertscore_f1": 0.9792116383711497
    }
  },
  "extraction/C3_temp0.0": {
    "gemma2_9b": {
      "emr": 1.0,
      "emr_std": 0.0,
      "n_runs": 30,
      "n_abstracts": 10,
      "ned": 0.0,
      "rouge_l": 1.0,
      "bertscore_f1": 0.9999999582767487
    },
    "gpt4": {
      "emr": 0.38095238095238093,
      "emr_std": 0.41513323271815933,
      "n_runs": 38,
      "n_abstracts": 14,